{"meta":{"version":1,"warehouse":"4.0.0"},"models":{"Asset":[{"_id":"themes/Hacker/source/css/style.styl","path":"css/style.styl","modified":0,"renderable":1},{"_id":"themes/Hacker/source/images/icon-heart.svg","path":"images/icon-heart.svg","modified":0,"renderable":1},{"_id":"themes/Hacker/source/css/base/normalize.css","path":"css/base/normalize.css","modified":0,"renderable":1},{"_id":"themes/Hacker/source/css/components/archive.styl","path":"css/components/archive.styl","modified":0,"renderable":1},{"_id":"themes/Hacker/source/css/components/article.styl","path":"css/components/article.styl","modified":0,"renderable":1},{"_id":"themes/Hacker/source/css/components/categories.styl","path":"css/components/categories.styl","modified":1,"renderable":1},{"_id":"themes/Hacker/source/css/components/footer.styl","path":"css/components/footer.styl","modified":0,"renderable":1},{"_id":"themes/Hacker/source/css/components/header.styl","path":"css/components/header.styl","modified":0,"renderable":1},{"_id":"themes/Hacker/source/css/components/icon.styl","path":"css/components/icon.styl","modified":0,"renderable":1},{"_id":"themes/Hacker/source/css/components/layout.styl","path":"css/components/layout.styl","modified":0,"renderable":1},{"_id":"themes/Hacker/source/css/components/pagination.styl","path":"css/components/pagination.styl","modified":0,"renderable":1},{"_id":"themes/Hacker/source/css/components/responsive.styl","path":"css/components/responsive.styl","modified":0,"renderable":1},{"_id":"themes/Hacker/source/css/components/syntax.styl","path":"css/components/syntax.styl","modified":0,"renderable":1},{"_id":"themes/Hacker/source/css/components/tags.styl","path":"css/components/tags.styl","modified":0,"renderable":1}],"Cache":[{"_id":"source/_posts/永是潮汐一少年.md","hash":"8f30848d61b037b43890679a9ba3bdde7e72f2b9","modified":1621079528957},{"_id":"source/about/index.md","hash":"dc23805353a9b61cd606f0ab1f6d903411b3dafc","modified":1621078916025},{"_id":"themes/Hacker/CHANGELOG.md","hash":"5ee7ae48cc5308758894eb961caaef89ecc04048","modified":1621077069890},{"_id":"themes/Hacker/CHANGELOG_zh-CN.md","hash":"5055c0a138469e673b3136c60033c5ae30a32787","modified":1621077069890},{"_id":"themes/Hacker/LICENSE","hash":"3127907a7623734f830e8c69ccee03b693bf993e","modified":1621077069894},{"_id":"themes/Hacker/README.md","hash":"70ce861aa3c2a4ef52dc4ace8fe1a012ea4afccd","modified":1621077069894},{"_id":"themes/Hacker/README_zh-CN.md","hash":"2bc68ac0164097ef016ce41073e8cf1bb6978bd7","modified":1621077069894},{"_id":"themes/Hacker/_config.example.yml","hash":"7f612745ad6a14a746750cbcafc98689ccdb6986","modified":1621077069890},{"_id":"themes/Hacker/_config.yml","hash":"f44ca0a558f9a7aad6a1f2db63526ddc5f51aa4d","modified":1621078502313},{"_id":"themes/Hacker/languages/default.yml","hash":"d4466fb0a6102e50777ee56957f78de696891a0e","modified":1621077069890},{"_id":"themes/Hacker/languages/zh-CN.yml","hash":"d822b531c8e0edd5e1ae85ac3de96017e4781b3f","modified":1621077069890},{"_id":"themes/Hacker/layout/archive.ejs","hash":"2238cbe29009aafb16969d2c70dceb3f71772123","modified":1621077069894},{"_id":"themes/Hacker/layout/categories.ejs","hash":"bfad4e7eade650c535f0194974e2646619657b8b","modified":1621077069894},{"_id":"themes/Hacker/layout/index.ejs","hash":"1d2c487a95d25e763b5f7e004194eb6ee6b18135","modified":1621077069894},{"_id":"themes/Hacker/layout/layout.ejs","hash":"1bd1ff49fb17548b934e0664ba6cefd60b086fa9","modified":1621077069894},{"_id":"themes/Hacker/layout/page.ejs","hash":"84e00bbcc643dff4bd02880b3bbea658f510835f","modified":1621077069894},{"_id":"themes/Hacker/layout/post.ejs","hash":"84e00bbcc643dff4bd02880b3bbea658f510835f","modified":1621077069894},{"_id":"themes/Hacker/layout/tags.ejs","hash":"ee89e6a9c14bdb5e5e8cf975a558c780fe8dabff","modified":1621077069894},{"_id":"themes/Hacker/layout/components/archive.ejs","hash":"1f79ebaf52b8229cf5c58bb8325cf0177859a05c","modified":1621077069894},{"_id":"themes/Hacker/layout/components/article.ejs","hash":"593ea968cf4e5c128b0adb8e3ae3ea0f0b9a97bf","modified":1621079939293},{"_id":"themes/Hacker/layout/components/baiduanalytics.ejs","hash":"75ea315908beaf390265e00167cf8a30b5d0d94a","modified":1621077069894},{"_id":"themes/Hacker/layout/components/categories.ejs","hash":"3665bf5d1c7181db22dc1c48d62ebf42757d8c27","modified":1621077069894},{"_id":"themes/Hacker/layout/components/comment.ejs","hash":"440323abbe7af9aa3d46ca03ef2b69eb9d369ace","modified":1621077069894},{"_id":"themes/Hacker/layout/components/footer.ejs","hash":"816e435ee7b8088e84d2b48ba5178e4b2abc2942","modified":1621077483178},{"_id":"themes/Hacker/layout/components/googleanalytics.ejs","hash":"fa11251ace0fc61cbcffb74f32fbf5bdbb201ff2","modified":1621077069894},{"_id":"themes/Hacker/layout/components/head.ejs","hash":"10475fdfc513c9380f18d034e15b3b051c8e9269","modified":1621079797706},{"_id":"themes/Hacker/layout/components/header.ejs","hash":"929a8eafa278d49c2f41d3581e2608eca80d7856","modified":1621077069894},{"_id":"themes/Hacker/layout/components/pagination.ejs","hash":"4ab5e3b0239e467923a0f91c771bcc9ee7889cfe","modified":1621077069894},{"_id":"themes/Hacker/source/css/style.styl","hash":"208e5f6d010e4e2c5590dae5e4fca8de592d3ef1","modified":1621077069894},{"_id":"themes/Hacker/source/images/icon-heart.svg","hash":"ec483e96c88eea013fd8ac71a34a875107397f43","modified":1621077069894},{"_id":"themes/Hacker/source/css/base/normalize.css","hash":"401db57ffdee642752355710fb182d739d8e51b5","modified":1621080516268},{"_id":"themes/Hacker/source/css/components/archive.styl","hash":"865b6e9c83eac3e0dacb03e87642e3ab649eb5a6","modified":1621080126177},{"_id":"themes/Hacker/source/css/components/article.styl","hash":"60e4834b7c0794b0a967ca4409316d73be142799","modified":1621080184910},{"_id":"themes/Hacker/source/css/components/categories.styl","hash":"c67e20d60351295cb178b568af42d430f4bcc3e6","modified":1621077069894},{"_id":"themes/Hacker/source/css/components/footer.styl","hash":"80ef890252d31d3bbfe71740fdcfc54ae14cad8e","modified":1621077069894},{"_id":"themes/Hacker/source/css/components/header.styl","hash":"fa5e6d715d288a327406df78225284c70530cb98","modified":1621077069894},{"_id":"themes/Hacker/source/css/components/icon.styl","hash":"8da3ff5b6cd1609fdfe0c564d47391367abc8808","modified":1621077069894},{"_id":"themes/Hacker/source/css/components/layout.styl","hash":"9c6e6bc00f377666f6815bc5e23438893357f8f6","modified":1621077069894},{"_id":"themes/Hacker/source/css/components/pagination.styl","hash":"1cec6cb1835f99432cc5c6ba674782237fea4f95","modified":1621077069894},{"_id":"themes/Hacker/source/css/components/responsive.styl","hash":"053e7ec4c22845422440660b7e1d6b0dea5b4fbd","modified":1621077069894},{"_id":"themes/Hacker/source/css/components/syntax.styl","hash":"8c0d919322194dc295e5404bcd68949f962f88dc","modified":1621077069894},{"_id":"themes/Hacker/source/css/components/tags.styl","hash":"684cf4eb4b8671476365e955dceebf096cc0e6ed","modified":1621077069894}],"Category":[{"name":"FP","_id":"ckopp9cd20002d7x32hof8rj5"},{"name":"随记","_id":"ckor6eqyd0000xrx3h0o149w8"}],"Data":[],"Page":[{"title":"想不到什么好的标题","date":"2021-05-15T11:29:17.000Z","layout":"about","_content":"\n|||\n|-|-|\n|姓名|黄菁|\n|网名|丙杺|\n|简称|Bingxio|\n|生日|2001.11.13|\n|住址|重庆|\n|体重|59 KG|\n|身高|180 CM|\n\n- 喜欢写点代码，创造历史中独一无二的产品\n\n- 闲时研究周易，热爱道家、佛家思想\n\n- 想赚钱，注册过 200 万的公司，一年中倒闭\n\n- 在 16 岁赚过人生第一个 w，躺床上梦里来的\n\n- 谈过几个女朋友，我甩了她，她甩了我\n\n- 喜欢孤独，因为没啥朋友，没有共同话题\n\n|||\n|-|-|\n|道观出家，五年，或一辈子|x|\n|购入奥迪 A7|x|\n|给女朋友购入保时捷 Macan|x|\n|和女朋友环游世界|x|\n|和家人们环游世界|x|\n|小目标一个亿|x|\n|计算机领域，世界最强技术|x|\n\n<p align='center'><strong>没了呀<strong></p>","source":"about/index.md","raw":"---\ntitle: 想不到什么好的标题\ndate: 2021-05-15 19:29:17\nlayout: \"about\"\n---\n\n|||\n|-|-|\n|姓名|黄菁|\n|网名|丙杺|\n|简称|Bingxio|\n|生日|2001.11.13|\n|住址|重庆|\n|体重|59 KG|\n|身高|180 CM|\n\n- 喜欢写点代码，创造历史中独一无二的产品\n\n- 闲时研究周易，热爱道家、佛家思想\n\n- 想赚钱，注册过 200 万的公司，一年中倒闭\n\n- 在 16 岁赚过人生第一个 w，躺床上梦里来的\n\n- 谈过几个女朋友，我甩了她，她甩了我\n\n- 喜欢孤独，因为没啥朋友，没有共同话题\n\n|||\n|-|-|\n|道观出家，五年，或一辈子|x|\n|购入奥迪 A7|x|\n|给女朋友购入保时捷 Macan|x|\n|和女朋友环游世界|x|\n|和家人们环游世界|x|\n|小目标一个亿|x|\n|计算机领域，世界最强技术|x|\n\n<p align='center'><strong>没了呀<strong></p>","updated":"2021-05-16T13:38:00.193Z","path":"about/index.html","_id":"ckopp9cct0000d7x3efe20zwk","comments":1,"content":"<table>\n<thead>\n<tr>\n<th></th>\n<th></th>\n</tr>\n</thead>\n<tbody><tr>\n<td>姓名</td>\n<td>黄菁</td>\n</tr>\n<tr>\n<td>网名</td>\n<td>丙杺</td>\n</tr>\n<tr>\n<td>简称</td>\n<td>Bingxio</td>\n</tr>\n<tr>\n<td>生日</td>\n<td>2001.11.13</td>\n</tr>\n<tr>\n<td>住址</td>\n<td>重庆</td>\n</tr>\n<tr>\n<td>体重</td>\n<td>59 KG</td>\n</tr>\n<tr>\n<td>身高</td>\n<td>180 CM</td>\n</tr>\n</tbody></table>\n<ul>\n<li><p>喜欢写点代码，创造历史中独一无二的产品</p>\n</li>\n<li><p>闲时研究周易，热爱道家、佛家思想</p>\n</li>\n<li><p>想赚钱，注册过 200 万的公司，一年中倒闭</p>\n</li>\n<li><p>在 16 岁赚过人生第一个 w，躺床上梦里来的</p>\n</li>\n<li><p>谈过几个女朋友，我甩了她，她甩了我</p>\n</li>\n<li><p>喜欢孤独，因为没啥朋友，没有共同话题</p>\n</li>\n</ul>\n<table>\n<thead>\n<tr>\n<th></th>\n<th></th>\n</tr>\n</thead>\n<tbody><tr>\n<td>道观出家，五年，或一辈子</td>\n<td>x</td>\n</tr>\n<tr>\n<td>购入奥迪 A7</td>\n<td>x</td>\n</tr>\n<tr>\n<td>给女朋友购入保时捷 Macan</td>\n<td>x</td>\n</tr>\n<tr>\n<td>和女朋友环游世界</td>\n<td>x</td>\n</tr>\n<tr>\n<td>和家人们环游世界</td>\n<td>x</td>\n</tr>\n<tr>\n<td>小目标一个亿</td>\n<td>x</td>\n</tr>\n<tr>\n<td>计算机领域，世界最强技术</td>\n<td>x</td>\n</tr>\n</tbody></table>\n<p align='center'><strong>没了呀<strong></p>","site":{"data":{}},"excerpt":"","more":"<table>\n<thead>\n<tr>\n<th></th>\n<th></th>\n</tr>\n</thead>\n<tbody><tr>\n<td>姓名</td>\n<td>黄菁</td>\n</tr>\n<tr>\n<td>网名</td>\n<td>丙杺</td>\n</tr>\n<tr>\n<td>简称</td>\n<td>Bingxio</td>\n</tr>\n<tr>\n<td>生日</td>\n<td>2001.11.13</td>\n</tr>\n<tr>\n<td>住址</td>\n<td>重庆</td>\n</tr>\n<tr>\n<td>体重</td>\n<td>59 KG</td>\n</tr>\n<tr>\n<td>身高</td>\n<td>180 CM</td>\n</tr>\n</tbody></table>\n<ul>\n<li><p>喜欢写点代码，创造历史中独一无二的产品</p>\n</li>\n<li><p>闲时研究周易，热爱道家、佛家思想</p>\n</li>\n<li><p>想赚钱，注册过 200 万的公司，一年中倒闭</p>\n</li>\n<li><p>在 16 岁赚过人生第一个 w，躺床上梦里来的</p>\n</li>\n<li><p>谈过几个女朋友，我甩了她，她甩了我</p>\n</li>\n<li><p>喜欢孤独，因为没啥朋友，没有共同话题</p>\n</li>\n</ul>\n<table>\n<thead>\n<tr>\n<th></th>\n<th></th>\n</tr>\n</thead>\n<tbody><tr>\n<td>道观出家，五年，或一辈子</td>\n<td>x</td>\n</tr>\n<tr>\n<td>购入奥迪 A7</td>\n<td>x</td>\n</tr>\n<tr>\n<td>给女朋友购入保时捷 Macan</td>\n<td>x</td>\n</tr>\n<tr>\n<td>和女朋友环游世界</td>\n<td>x</td>\n</tr>\n<tr>\n<td>和家人们环游世界</td>\n<td>x</td>\n</tr>\n<tr>\n<td>小目标一个亿</td>\n<td>x</td>\n</tr>\n<tr>\n<td>计算机领域，世界最强技术</td>\n<td>x</td>\n</tr>\n</tbody></table>\n<p align='center'><strong>没了呀<strong></p>"}],"Post":[{"title":"辛丑建午，永是潮汐少年","_content":"\n花了很久的时间去思考，准备这篇文章。在庚子年里，我的人生思考、方向定位、以及关乎生活的方面都有了非常多的改变。就以此文，记录下来。\n\n**博客没有开放评论区，有缘浏览到此，看看就好。**\n\n<!-- more -->\n\n距离上次写长文，已经是几个月之前，那时还在糊里糊涂的处理公司里的繁杂事务。现在当你看到这篇文章时，我已经无事一身轻了，公司注销，股东跑路，女朋友撒手，我还是我。该怎么写这个标题呢，我的头脑里出现无数个关键字，不是不说，真的很累，去年很累的哇。好，想到甚么就写什么。\n\n不对标题，随意记录，文笔很差，不看滚蛋。\n\n多次听到朋友们说起我的性格问题，也有遇到某些私底下谈论我的事情。更甚的是还有给我推荐心理咨询师的，让我走出来什么的，我请你先看看自己长大没有，**没有调查，就没有，发言权**。我好得很，只不过去年有个月颓废了而已。我喜欢每个鲜活的生命，他们真的非常有趣，也许是我从小到大不喜欢说话的缘故，但又和每个人都能交流，只要你来，我能陪你聊个几天几夜。也许是我的思维和他们不同，经常会觉得我怎么会这样，奇奇怪怪，敬而远之好了。也许是我的心太大，又喜欢活出真实的自己，没有那么多花里胡哨的拘谨，最后，没有共同语言，玩不到一起。**每个个体都在不断的审视他人，结论，取决于之前和当下的认识，没有未来的认识**。是，我能够活出任何一个生命形式，但我的内心不允许我那样的去做，我尽力的寻找属于自己的生活方式，这就够了，孤独时应该独立思考。\n\n喜好抽烟，没别的，习惯而已。也有朋友提出，我这么累，愁眉苦脸，别这么累。非常感动他们这样的关心，这都不是走得非常近的朋友，但能够在某些时刻，给我一点点温暖。恩，除开网易云时间，累的时候屈指可数，但去年 2020 就不一样了，非常烦躁。2019 年，Git 上统计总共提交了 43 万行代码，我也没有觉得累。可能是**慈悲心，修行佛道，难免会出现怜悯的心思**，哈哈，我非常喜欢这个世界。\n\n看我的头像，爱笑的男孩。\n\n在 2019 己亥年上大学之后，以 2020 年后半年开始。到现在这个阶段，是我思维成长的阶段，在上了大学之后，个人和大专的同学们，之间的事情和看法，建立了在任何环境，任何时候，独立成长的能力。庚子年的疫情，开始对中国传统文化，以及之前研究的周易，进行更深层次的学习，或者说通过传统，建立了又一些思维。有幸在癸亥月，有了一段感情，我奔赴 200 多公里，去到她的地方，写到这里，..在之后的时候，由于我的原因分开了。多次挽回，没有效果。这个阶段是我非常难受的时候，深刻的理解和学习道缘等等包括的宗教思想，中国哲学巅峰王阳明，深入了解中国禅宗，过来了 9 个月，才走出来。**宗教，不以人的意志为转移，以道为标准**。在之后，看了下关于林正祿，鲁迅，王垠，甚至一本学前班的教材，为什么中国文化和国外文化的差别之大，为什么中国独有文化不能成为发展国家。是个问题。\n\n始于癸未甲寅辰，何意桂秋一阴发; 长随业力心自转，怎敢寻它来与去;\n万般美好似星辰，世间温柔定初心; 念于缘分依然故，忽现晚夕映金山;\n\n我也没有给她解释过其中的韵意，那次发去就直接删好友。\n\n开始在癸未月的甲寅日，也就是 2020 年 7 月 10 日，但怎会在意秋天的一阴开始（阴是指秋天节气后，阴气初发也就是刚进入甲申月，就闹出分开），怎么敢去找它的渊源，都是各自业力的缘故了，万般的美好在我脑中浮现，世间的温柔是我的初心，傍晚，我俩聊着我们之间的往事，忽然看见夕阳迎着金色的山脉。完，最后是我意淫的，不是真的。","source":"_posts/永是潮汐一少年.md","raw":"---\ntitle: \"辛丑建午，永是潮汐少年\"\ncategories: [随记]\ntags: [感悟, 吹牛, 放屁]\n---\n\n花了很久的时间去思考，准备这篇文章。在庚子年里，我的人生思考、方向定位、以及关乎生活的方面都有了非常多的改变。就以此文，记录下来。\n\n**博客没有开放评论区，有缘浏览到此，看看就好。**\n\n<!-- more -->\n\n距离上次写长文，已经是几个月之前，那时还在糊里糊涂的处理公司里的繁杂事务。现在当你看到这篇文章时，我已经无事一身轻了，公司注销，股东跑路，女朋友撒手，我还是我。该怎么写这个标题呢，我的头脑里出现无数个关键字，不是不说，真的很累，去年很累的哇。好，想到甚么就写什么。\n\n不对标题，随意记录，文笔很差，不看滚蛋。\n\n多次听到朋友们说起我的性格问题，也有遇到某些私底下谈论我的事情。更甚的是还有给我推荐心理咨询师的，让我走出来什么的，我请你先看看自己长大没有，**没有调查，就没有，发言权**。我好得很，只不过去年有个月颓废了而已。我喜欢每个鲜活的生命，他们真的非常有趣，也许是我从小到大不喜欢说话的缘故，但又和每个人都能交流，只要你来，我能陪你聊个几天几夜。也许是我的思维和他们不同，经常会觉得我怎么会这样，奇奇怪怪，敬而远之好了。也许是我的心太大，又喜欢活出真实的自己，没有那么多花里胡哨的拘谨，最后，没有共同语言，玩不到一起。**每个个体都在不断的审视他人，结论，取决于之前和当下的认识，没有未来的认识**。是，我能够活出任何一个生命形式，但我的内心不允许我那样的去做，我尽力的寻找属于自己的生活方式，这就够了，孤独时应该独立思考。\n\n喜好抽烟，没别的，习惯而已。也有朋友提出，我这么累，愁眉苦脸，别这么累。非常感动他们这样的关心，这都不是走得非常近的朋友，但能够在某些时刻，给我一点点温暖。恩，除开网易云时间，累的时候屈指可数，但去年 2020 就不一样了，非常烦躁。2019 年，Git 上统计总共提交了 43 万行代码，我也没有觉得累。可能是**慈悲心，修行佛道，难免会出现怜悯的心思**，哈哈，我非常喜欢这个世界。\n\n看我的头像，爱笑的男孩。\n\n在 2019 己亥年上大学之后，以 2020 年后半年开始。到现在这个阶段，是我思维成长的阶段，在上了大学之后，个人和大专的同学们，之间的事情和看法，建立了在任何环境，任何时候，独立成长的能力。庚子年的疫情，开始对中国传统文化，以及之前研究的周易，进行更深层次的学习，或者说通过传统，建立了又一些思维。有幸在癸亥月，有了一段感情，我奔赴 200 多公里，去到她的地方，写到这里，..在之后的时候，由于我的原因分开了。多次挽回，没有效果。这个阶段是我非常难受的时候，深刻的理解和学习道缘等等包括的宗教思想，中国哲学巅峰王阳明，深入了解中国禅宗，过来了 9 个月，才走出来。**宗教，不以人的意志为转移，以道为标准**。在之后，看了下关于林正祿，鲁迅，王垠，甚至一本学前班的教材，为什么中国文化和国外文化的差别之大，为什么中国独有文化不能成为发展国家。是个问题。\n\n始于癸未甲寅辰，何意桂秋一阴发; 长随业力心自转，怎敢寻它来与去;\n万般美好似星辰，世间温柔定初心; 念于缘分依然故，忽现晚夕映金山;\n\n我也没有给她解释过其中的韵意，那次发去就直接删好友。\n\n开始在癸未月的甲寅日，也就是 2020 年 7 月 10 日，但怎会在意秋天的一阴开始（阴是指秋天节气后，阴气初发也就是刚进入甲申月，就闹出分开），怎么敢去找它的渊源，都是各自业力的缘故了，万般的美好在我脑中浮现，世间的温柔是我的初心，傍晚，我俩聊着我们之间的往事，忽然看见夕阳迎着金色的山脉。完，最后是我意淫的，不是真的。","slug":"永是潮汐一少年","published":1,"date":"2021-05-15T11:37:19.832Z","updated":"2021-05-16T14:44:19.612Z","_id":"ckopp9ccx0001d7x312p9es4c","comments":1,"layout":"post","photos":[],"link":"","content":"<p>花了很久的时间去思考，准备这篇文章。在庚子年里，我的人生思考、方向定位、以及关乎生活的方面都有了非常多的改变。就以此文，记录下来。</p>\n<p><strong>博客没有开放评论区，有缘浏览到此，看看就好。</strong></p>\n<span id=\"more\"></span>\n\n<p>距离上次写长文，已经是几个月之前，那时还在糊里糊涂的处理公司里的繁杂事务。现在当你看到这篇文章时，我已经无事一身轻了，公司注销，股东跑路，女朋友撒手，我还是我。该怎么写这个标题呢，我的头脑里出现无数个关键字，不是不说，真的很累，去年很累的哇。好，想到甚么就写什么。</p>\n<p>不对标题，随意记录，文笔很差，不看滚蛋。</p>\n<p>多次听到朋友们说起我的性格问题，也有遇到某些私底下谈论我的事情。更甚的是还有给我推荐心理咨询师的，让我走出来什么的，我请你先看看自己长大没有，<strong>没有调查，就没有，发言权</strong>。我好得很，只不过去年有个月颓废了而已。我喜欢每个鲜活的生命，他们真的非常有趣，也许是我从小到大不喜欢说话的缘故，但又和每个人都能交流，只要你来，我能陪你聊个几天几夜。也许是我的思维和他们不同，经常会觉得我怎么会这样，奇奇怪怪，敬而远之好了。也许是我的心太大，又喜欢活出真实的自己，没有那么多花里胡哨的拘谨，最后，没有共同语言，玩不到一起。<strong>每个个体都在不断的审视他人，结论，取决于之前和当下的认识，没有未来的认识</strong>。是，我能够活出任何一个生命形式，但我的内心不允许我那样的去做，我尽力的寻找属于自己的生活方式，这就够了，孤独时应该独立思考。</p>\n<p>喜好抽烟，没别的，习惯而已。也有朋友提出，我这么累，愁眉苦脸，别这么累。非常感动他们这样的关心，这都不是走得非常近的朋友，但能够在某些时刻，给我一点点温暖。恩，除开网易云时间，累的时候屈指可数，但去年 2020 就不一样了，非常烦躁。2019 年，Git 上统计总共提交了 43 万行代码，我也没有觉得累。可能是<strong>慈悲心，修行佛道，难免会出现怜悯的心思</strong>，哈哈，我非常喜欢这个世界。</p>\n<p>看我的头像，爱笑的男孩。</p>\n<p>在 2019 己亥年上大学之后，以 2020 年后半年开始。到现在这个阶段，是我思维成长的阶段，在上了大学之后，个人和大专的同学们，之间的事情和看法，建立了在任何环境，任何时候，独立成长的能力。庚子年的疫情，开始对中国传统文化，以及之前研究的周易，进行更深层次的学习，或者说通过传统，建立了又一些思维。有幸在癸亥月，有了一段感情，我奔赴 200 多公里，去到她的地方，写到这里，..在之后的时候，由于我的原因分开了。多次挽回，没有效果。这个阶段是我非常难受的时候，深刻的理解和学习道缘等等包括的宗教思想，中国哲学巅峰王阳明，深入了解中国禅宗，过来了 9 个月，才走出来。<strong>宗教，不以人的意志为转移，以道为标准</strong>。在之后，看了下关于林正祿，鲁迅，王垠，甚至一本学前班的教材，为什么中国文化和国外文化的差别之大，为什么中国独有文化不能成为发展国家。是个问题。</p>\n<p>始于癸未甲寅辰，何意桂秋一阴发; 长随业力心自转，怎敢寻它来与去;<br>万般美好似星辰，世间温柔定初心; 念于缘分依然故，忽现晚夕映金山;</p>\n<p>我也没有给她解释过其中的韵意，那次发去就直接删好友。</p>\n<p>开始在癸未月的甲寅日，也就是 2020 年 7 月 10 日，但怎会在意秋天的一阴开始（阴是指秋天节气后，阴气初发也就是刚进入甲申月，就闹出分开），怎么敢去找它的渊源，都是各自业力的缘故了，万般的美好在我脑中浮现，世间的温柔是我的初心，傍晚，我俩聊着我们之间的往事，忽然看见夕阳迎着金色的山脉。完，最后是我意淫的，不是真的。</p>\n","site":{"data":{}},"excerpt":"<p>花了很久的时间去思考，准备这篇文章。在庚子年里，我的人生思考、方向定位、以及关乎生活的方面都有了非常多的改变。就以此文，记录下来。</p>\n<p><strong>博客没有开放评论区，有缘浏览到此，看看就好。</strong></p>","more":"<p>距离上次写长文，已经是几个月之前，那时还在糊里糊涂的处理公司里的繁杂事务。现在当你看到这篇文章时，我已经无事一身轻了，公司注销，股东跑路，女朋友撒手，我还是我。该怎么写这个标题呢，我的头脑里出现无数个关键字，不是不说，真的很累，去年很累的哇。好，想到甚么就写什么。</p>\n<p>不对标题，随意记录，文笔很差，不看滚蛋。</p>\n<p>多次听到朋友们说起我的性格问题，也有遇到某些私底下谈论我的事情。更甚的是还有给我推荐心理咨询师的，让我走出来什么的，我请你先看看自己长大没有，<strong>没有调查，就没有，发言权</strong>。我好得很，只不过去年有个月颓废了而已。我喜欢每个鲜活的生命，他们真的非常有趣，也许是我从小到大不喜欢说话的缘故，但又和每个人都能交流，只要你来，我能陪你聊个几天几夜。也许是我的思维和他们不同，经常会觉得我怎么会这样，奇奇怪怪，敬而远之好了。也许是我的心太大，又喜欢活出真实的自己，没有那么多花里胡哨的拘谨，最后，没有共同语言，玩不到一起。<strong>每个个体都在不断的审视他人，结论，取决于之前和当下的认识，没有未来的认识</strong>。是，我能够活出任何一个生命形式，但我的内心不允许我那样的去做，我尽力的寻找属于自己的生活方式，这就够了，孤独时应该独立思考。</p>\n<p>喜好抽烟，没别的，习惯而已。也有朋友提出，我这么累，愁眉苦脸，别这么累。非常感动他们这样的关心，这都不是走得非常近的朋友，但能够在某些时刻，给我一点点温暖。恩，除开网易云时间，累的时候屈指可数，但去年 2020 就不一样了，非常烦躁。2019 年，Git 上统计总共提交了 43 万行代码，我也没有觉得累。可能是<strong>慈悲心，修行佛道，难免会出现怜悯的心思</strong>，哈哈，我非常喜欢这个世界。</p>\n<p>看我的头像，爱笑的男孩。</p>\n<p>在 2019 己亥年上大学之后，以 2020 年后半年开始。到现在这个阶段，是我思维成长的阶段，在上了大学之后，个人和大专的同学们，之间的事情和看法，建立了在任何环境，任何时候，独立成长的能力。庚子年的疫情，开始对中国传统文化，以及之前研究的周易，进行更深层次的学习，或者说通过传统，建立了又一些思维。有幸在癸亥月，有了一段感情，我奔赴 200 多公里，去到她的地方，写到这里，..在之后的时候，由于我的原因分开了。多次挽回，没有效果。这个阶段是我非常难受的时候，深刻的理解和学习道缘等等包括的宗教思想，中国哲学巅峰王阳明，深入了解中国禅宗，过来了 9 个月，才走出来。<strong>宗教，不以人的意志为转移，以道为标准</strong>。在之后，看了下关于林正祿，鲁迅，王垠，甚至一本学前班的教材，为什么中国文化和国外文化的差别之大，为什么中国独有文化不能成为发展国家。是个问题。</p>\n<p>始于癸未甲寅辰，何意桂秋一阴发; 长随业力心自转，怎敢寻它来与去;<br>万般美好似星辰，世间温柔定初心; 念于缘分依然故，忽现晚夕映金山;</p>\n<p>我也没有给她解释过其中的韵意，那次发去就直接删好友。</p>\n<p>开始在癸未月的甲寅日，也就是 2020 年 7 月 10 日，但怎会在意秋天的一阴开始（阴是指秋天节气后，阴气初发也就是刚进入甲申月，就闹出分开），怎么敢去找它的渊源，都是各自业力的缘故了，万般的美好在我脑中浮现，世间的温柔是我的初心，傍晚，我俩聊着我们之间的往事，忽然看见夕阳迎着金色的山脉。完，最后是我意淫的，不是真的。</p>"}],"PostAsset":[],"PostCategory":[{"post_id":"ckopp9ccx0001d7x312p9es4c","category_id":"ckor6eqyd0000xrx3h0o149w8","_id":"ckor6eqyg0001xrx37o4r7pte"}],"PostTag":[{"post_id":"ckopp9ccx0001d7x312p9es4c","tag_id":"ckor6fgq10002xrx3cca38t42","_id":"ckor6fgq30005xrx3b0ri6wq9"},{"post_id":"ckopp9ccx0001d7x312p9es4c","tag_id":"ckor6fgq20003xrx3e9w6d9pk","_id":"ckor6fgq30006xrx3gvm20tej"},{"post_id":"ckopp9ccx0001d7x312p9es4c","tag_id":"ckor6fgq20004xrx34wz89mhv","_id":"ckor6fgq30007xrx3bkala4ls"}],"Tag":[{"name":"FP","_id":"ckopp9cd30003d7x34hod1g77"},{"name":"React","_id":"ckopp9cd40004d7x36u5ifuxa"},{"name":"Redux","_id":"ckopp9cd50006d7x3ddjl2061"},{"name":"感悟","_id":"ckor6fgq10002xrx3cca38t42"},{"name":"吹牛","_id":"ckor6fgq20003xrx3e9w6d9pk"},{"name":"放屁","_id":"ckor6fgq20004xrx34wz89mhv"}]}}